<?xml version="1.0" encoding="UTF-8" ?>
<!DOCTYPE mapper PUBLIC "-//mybatis.org//DTD Mapper 3.0//EN"
  "http://mybatis.org/dtd/mybatis-3-mapper.dtd">
<mapper namespace="com.hirain.phm.bode.server.fault.dao.FaultMapper">
<!-- insert -->
<insert id="insert" parameterType="com.hirain.phm.bode.server.fault.FaultRecord">
	<selectKey resultType="java.lang.Long" order="AFTER" keyProperty="id">
          SELECT LAST_INSERT_ID()
      </selectKey>
      insert into t_fault_record(carriage_id,door_id,timestamp,start_time,end_time,debug,fault_id)
      values(
      	#{carriageId,jdbcType=INTEGER},
      	#{doorId,jdbcType=INTEGER},
      	#{timestamp,jdbcType=TIMESTAMP},
      	#{startTime,jdbcType=TIMESTAMP},
      	#{endTime,jdbcType=TIMESTAMP},
      	#{debug,jdbcType=BIT},
      	#{faultId,jdbcType=INTEGER}
      )
</insert>

<insert id="insertMessage">
	insert into t_fault_message(carriage_id,timestamp,door_id,datas)
	values
	<foreach collection="list" item="item" index="index" separator=",">
	(
		#{carriageId,jdbcType=INTEGER},
		#{item.timestamp,jdbcType=TIMESTAMP},
		#{item.doorId,jdbcType=INTEGER},
		#{item.datas,jdbcType=LONGVARBINARY}
	)
    </foreach>
</insert>

<!-- query -->
<resultMap type="com.hirain.phm.bode.server.message.DoorMessage" id="DoorMessage">
<id column="id" jdbcType="BIGINT" property="id"/>
<id column="timestamp" jdbcType="TIMESTAMP" property="timestamp"/>
<result column="door_id" jdbcType="INTEGER" property="doorId"/>
<result column="datas" jdbcType="BLOB" property="datas"/>
</resultMap>
<select id="findMessage" resultMap="DoorMessage">
	select door_id,timestamp,datas
	from t_carriage${record.carriageId}_message
	where 
	door_id=#{record.doorId} 
	and 
	timestamp&gt;=#{record.startTime,jdbcType=TIMESTAMP} 
	and 
	timestamp&lt;#{record.endTime,jdbcType=TIMESTAMP}
	order by id asc
  	limit #{offset},#{length}
</select>

<!-- query -->
<resultMap type="com.hirain.phm.bode.server.fault.FaultRecord" id="FaultRecord">
<id column="id" jdbcType="BIGINT" property="id"/>
<result column="fault_id" jdbcType="INTEGER" property="faultId"/>
<result column="carriage_id" jdbcType="INTEGER" property="carriageId"/>
<result column="door_id" jdbcType="INTEGER" property="doorId"/>
<result column="timestamp" jdbcType="TIMESTAMP" property="timestamp"/>
<result column="start_time" jdbcType="TIMESTAMP" property="startTime"/>
<result column="end_time" jdbcType="TIMESTAMP" property="endTime"/>
<result column="dubug" jdbcType="TINYINT" property="debug"/>
</resultMap>
<select id="findFaultRecord" resultMap="FaultRecord">
	select fault_id,carriage_id,door_id,timestamp,start_time,end_time,debug
	from t_fault_record
	where 
	door_id=#{record.doorId} 
	and 
	timestamp&gt;=#{record.startTime,jdbcType=TIMESTAMP} 
	and 
	timestamp&lt;#{record.endTime,jdbcType=TIMESTAMP}
	order by id asc
</select>
<resultMap type="com.hirain.phm.bode.server.fault.FaultDetail" id="FaultDetail">
<id column="id" jdbcType="INTEGER" property="id"/>
<result column="cname" jdbcType="VARCHAR" property="name"/>
</resultMap>
<select id="list" resultMap="FaultDetail">
	select * from t_fault
</select>
</mapper>