<?xml version="1.0" encoding="UTF-8"?>
<!DOCTYPE mapper PUBLIC "-//mybatis.org//DTD Mapper 3.0//EN" "http://mybatis.org/dtd/mybatis-3-mapper.dtd">
<mapper namespace="com.hirain.phm.bode.server.rbac.dao.UserMapper">
  <resultMap id="BaseResultMap" type="com.hirain.phm.bode.server.rbac.impl.UserImpl">
    <id column="username" jdbcType="VARCHAR" property="username" />
    <result column="password" jdbcType="VARCHAR" property="password" />
  </resultMap>
  <sql id="Base_Column_List">
    username, password
  </sql>
  <select id="get" parameterType="java.lang.String" resultMap="BaseResultMap">
    select 
    <include refid="Base_Column_List" />
    from t_user
    where username = #{username,jdbcType=VARCHAR}
  </select>
  <delete id="deleteByPrimaryKey" parameterType="java.lang.String">
    delete from t_user
    where username = #{username,jdbcType=VARCHAR}
  </delete>
  <insert id="insert" parameterType="com.hirain.phm.bode.server.rbac.impl.UserImpl">
    insert into t_user (username, password)
    values (#{username,jdbcType=VARCHAR}, #{password,jdbcType=VARCHAR})
  </insert>
  <insert id="insertSelective" parameterType="com.hirain.phm.bode.server.rbac.impl.UserImpl">
    insert into t_user
    <trim prefix="(" suffix=")" suffixOverrides=",">
      <if test="username != null">
        username,
      </if>
      <if test="password != null">
        password,
      </if>
    </trim>
    <trim prefix="values (" suffix=")" suffixOverrides=",">
      <if test="username != null">
        #{username,jdbcType=VARCHAR},
      </if>
      <if test="password != null">
        #{password,jdbcType=VARCHAR},
      </if>
    </trim>
  </insert>
  <update id="updateByPrimaryKeySelective" parameterType="com.hirain.phm.bode.server.rbac.impl.UserImpl">
    update t_user
    <set>
      <if test="password != null">
        password = #{password,jdbcType=VARCHAR},
      </if>
    </set>
    where username = #{username,jdbcType=VARCHAR}
  </update>
  <update id="update" parameterType="com.hirain.phm.bode.server.rbac.impl.UserImpl">
    update t_user
    set password = #{password,jdbcType=VARCHAR}
    where username = #{username,jdbcType=VARCHAR}
  </update>
</mapper>