<?xml version="1.0" encoding="UTF-8" ?>
<!DOCTYPE mapper PUBLIC "-//mybatis.org//DTD Mapper 3.0//EN"
  "http://mybatis.org/dtd/mybatis-3-mapper.dtd">

<mapper namespace="com.hirain.phm.bode.server.client.data.ClientMapper">
<resultMap type="com.hirain.phm.bode.server.client.data.RecordQuery" id="RecordResultMap">
	<id column="id" jdbcType="BIGINT" property="id"/>
	<id column="start_time" jdbcType="TIMESTAMP" property="startTime"/>
	<result column="door_id" jdbcType="INTEGER" property="doorId"/>
	<result column="end_time" jdbcType="TIMESTAMP" property="endTime"/>
	<result column="debug" jdbcType="BIT" property="debug"/>
</resultMap>
<select id="queryRecord" resultMap="RecordResultMap">
	${querySql}
</select>

<select id="queryFault" resultType="com.hirain.phm.bode.server.client.data.Fault">
	${querySql}
</select>
<resultMap type="com.hirain.phm.bode.server.client.data.FaultRecordQuery" id="FaultResultMap">
	<id column="id" jdbcType="BIGINT" property="id" />
    <result column="fault_id" jdbcType="INTEGER" property="faultId" />
    <result column="carriage_id" jdbcType="INTEGER" property="carriageId" />
    <result column="door_id" jdbcType="INTEGER" property="doorId" />
    <result column="start_time" jdbcType="TIMESTAMP" property="startTime" />
    <result column="end_time" jdbcType="TIMESTAMP" property="endTime" />
    <result column="debug" jdbcType="BIT" property="debug" />
</resultMap>
<select id="queryFaultRecord" resultMap="FaultResultMap">
	${querySql}
</select>
<resultMap type="com.hirain.phm.bode.server.client.data.Message" id="MessageResultMap">
	<id column="id" jdbcType="BIGINT" property="id"/>
	<id column="timestamp" jdbcType="TIMESTAMP" property="timestamp"/>
	<result column="door_id" jdbcType="INTEGER" property="doorId"/>
	<result column="datas" jdbcType="BLOB" property="datas"/>
</resultMap>
<select id="downloadMessage" resultMap="MessageResultMap">
	${querySql}
</select>
<select id="count" resultType="Long">
	${querySql}
</select>
</mapper>
