<?xml version="1.0" encoding="UTF-8"?>
<!DOCTYPE xml>
<configuration scan="true" scanPeriod="60 seconds" debug="false">
	<contextName>Demo</contextName>
	<property name="log.path" value="log" />
	<property name="log.maxHistory" value="15" />
	<property name="log.pattern" value="%d{HH:mm:ss.SSS} %contextName [%thread] %-5level %logger{36} - %msg%n" />
	<!-- %d{HH: mm:ss.SSS}——日志输出时间 %thread——输出日志的进程名字，这在Web应用以及异步任务处理中很有用 %-5level——日志级别，并且使用5个字符靠左对齐 %logger{36}——日志输出者的名字 %msg——日志消息 %n——平台的换行符 -->
	<!--输出到控制台 -->
	<appender name="console" class="ch.qos.logback.core.ConsoleAppender">
		<encoder>
			<pattern>${log.pattern}</pattern>
		</encoder>
	</appender>

	<!--输出到文件 -->
	<appender name="file_info" class="ch.qos.logback.core.rolling.RollingFileAppender">
		<rollingPolicy class="ch.qos.logback.core.rolling.TimeBasedRollingPolicy">
			<fileNamePattern>${log.path}/info/info.%d{yyyy-MM-dd}.log</fileNamePattern>
				<!--只保留最近15天的日志 -->
			<MaxHistory>${log.maxHistory}</MaxHistory>
		</rollingPolicy>
		<encoder>
			<pattern>${log.pattern}</pattern>
		</encoder>
		<filter class="ch.qos.logback.classic.filter.LevelFilter">
			<level>INFO</level>
			<onMatch>ACCEPT</onMatch>
			<onMismatch>DENY</onMismatch>
		</filter>
	</appender>

	<appender name="file_error" class="ch.qos.logback.core.rolling.RollingFileAppender">
		<rollingPolicy class="ch.qos.logback.core.rolling.TimeBasedRollingPolicy">
			<fileNamePattern>${log.path}/error/error.%d{yyyy-MM-dd}.log</fileNamePattern>
		</rollingPolicy>
		<encoder>
			<pattern>${log.pattern}</pattern>
		</encoder>
		<filter class="ch.qos.logback.classic.filter.LevelFilter">
			<level>ERROR</level>
			<onMatch>ACCEPT</onMatch>
			<onMismatch>DENY</onMismatch>
		</filter>
	</appender>

	<root level="debug">
		<appender-ref ref="console" />
	</root>

	<root level="info">
		<appender-ref ref="file_info" />
		<appender-ref ref="file_error" />
	</root>
</configuration>