<?xml version='1.0' encoding='UTF-8'?>
<?artifactRepository version='1.1.0'?>
<repository name='Bundle pool' type='org.eclipse.equinox.p2.artifact.repository.simpleRepository' version='1'>
  <properties size='2'>
    <property name='p2.system' value='true'/>
    <property name='p2.timestamp' value='1477924897945'/>
  </properties>
  <mappings size='3'>
    <rule filter='(&amp; (classifier=osgi.bundle))' output='${repoUrl}/plugins/${id}_${version}.jar'/>
    <rule filter='(&amp; (classifier=binary))' output='${repoUrl}/binary/${id}_${version}'/>
    <rule filter='(&amp; (classifier=org.eclipse.update.feature))' output='${repoUrl}/features/${id}_${version}.jar'/>
  </mappings>
  <artifacts size='139'>
    <artifact classifier='osgi.bundle' id='org.eclipse.text' version='3.5.400.v20150505-1044'>
      <properties size='1'>
        <property name='download.size' value='253256'/>
      </properties>
    </artifact>
    <artifact classifier='osgi.bundle' id='org.eclipse.equinox.p2.repository' version='2.3.100.v20150428-1613'>
      <properties size='1'>
        <property name='download.size' value='131666'/>
      </properties>
    </artifact>
    <artifact classifier='osgi.bundle' id='org.eclipse.e4.core.services' version='2.0.0.v20150403-1912'>
      <properties size='1'>
        <property name='download.size' value='53863'/>
      </properties>
    </artifact>
    <artifact classifier='osgi.bundle' id='org.jkiss.dbeaver.core' version='3.7.8'>
      <properties size='1'>
        <property name='download.size' value='3512717'/>
      </properties>
    </artifact>
    <artifact classifier='osgi.bundle' id='org.eclipse.equinox.p2.core' version='2.4.0.v20150527-1706'>
      <properties size='1'>
        <property name='download.size' value='72151'/>
      </properties>
    </artifact>
    <artifact classifier='osgi.bundle' id='org.eclipse.core.resources.win32.x86' version='3.5.100.v20140124-1940'>
      <properties size='1'>
        <property name='download.size' value='18056'/>
      </properties>
    </artifact>
    <artifact classifier='osgi.bundle' id='org.eclipse.e4.core.commands' version='0.11.0.v20150422-0725'>
      <properties size='1'>
        <property name='download.size' value='25679'/>
      </properties>
    </artifact>
    <artifact classifier='osgi.bundle' id='org.eclipse.equinox.p2.engine' version='2.4.0.v20150511-1532'>
      <properties size='1'>
        <property name='download.size' value='206643'/>
      </properties>
    </artifact>
    <artifact classifier='osgi.bundle' id='org.eclipse.ui.ide' version='3.11.0.v20150825-2158'>
      <properties size='1'>
        <property name='download.size' value='2352960'/>
      </properties>
    </artifact>
    <artifact classifier='osgi.bundle' id='org.eclipse.jface.text' version='3.10.0.v20150603-1752'>
      <properties size='1'>
        <property name='download.size' value='1016704'/>
      </properties>
    </artifact>
    <artifact classifier='osgi.bundle' id='org.jkiss.dbeaver.ext.derby' version='1.1.29'>
      <properties size='1'>
        <property name='download.size' value='6938'/>
      </properties>
    </artifact>
    <artifact classifier='osgi.bundle' id='org.eclipse.core.databinding' version='1.5.0.v20150422-0725'>
      <properties size='1'>
        <property name='download.size' value='200337'/>
      </properties>
    </artifact>
    <artifact classifier='osgi.bundle' id='org.eclipse.e4.ui.css.core' version='0.11.0.v20150511-1937'>
      <properties size='1'>
        <property name='download.size' value='212740'/>
      </properties>
    </artifact>
    <artifact classifier='osgi.bundle' id='org.jkiss.dbeaver.ext.mssql' version='1.0.38'>
      <properties size='1'>
        <property name='download.size' value='20356'/>
      </properties>
    </artifact>
    <artifact classifier='osgi.bundle' id='org.eclipse.draw2d' version='3.10.1.201508170204'>
      <properties size='1'>
        <property name='download.size' value='581077'/>
      </properties>
    </artifact>
    <artifact classifier='osgi.bundle' id='org.eclipse.e4.ui.di' version='1.1.0.v20150422-0725'>
      <properties size='1'>
        <property name='download.size' value='15670'/>
      </properties>
    </artifact>
    <artifact classifier='osgi.bundle' id='org.eclipse.ui.views.log' version='1.0.600.v20150513-1840'>
      <properties size='1'>
        <property name='download.size' value='145244'/>
      </properties>
    </artifact>
    <artifact classifier='osgi.bundle' id='org.jkiss.dbeaver.model' version='1.0.33'>
      <properties size='1'>
        <property name='download.size' value='974216'/>
      </properties>
    </artifact>
    <artifact classifier='osgi.bundle' id='org.jkiss.dbeaver.ext.erd' version='2.0.46'>
      <properties size='1'>
        <property name='download.size' value='247147'/>
      </properties>
    </artifact>
    <artifact classifier='osgi.bundle' id='javax.annotation' version='1.2.0.v201401042248'>
      <properties size='1'>
        <property name='download.size' value='27550'/>
      </properties>
    </artifact>
    <artifact classifier='osgi.bundle' id='org.eclipse.equinox.app' version='1.3.300.v20150423-1356'>
      <properties size='1'>
        <property name='download.size' value='86680'/>
      </properties>
    </artifact>
    <artifact classifier='osgi.bundle' id='org.eclipse.core.jobs' version='3.7.0.v20150330-2103'>
      <properties size='1'>
        <property name='download.size' value='107123'/>
      </properties>
    </artifact>
    <artifact classifier='osgi.bundle' id='org.tukaani.xz' version='1.3.0.v201308270617'>
      <properties size='1'>
        <property name='download.size' value='109753'/>
      </properties>
    </artifact>
    <artifact classifier='osgi.bundle' id='org.w3c.dom.svg' version='1.1.0.v201011041433'>
      <properties size='1'>
        <property name='download.size' value='97382'/>
      </properties>
    </artifact>
    <artifact classifier='osgi.bundle' id='org.jkiss.wmi' version='2.0.37'>
      <properties size='1'>
        <property name='download.size' value='198087'/>
      </properties>
    </artifact>
    <artifact classifier='osgi.bundle' id='org.jkiss.dbeaver.ext.teradata' version='1.0.12'>
      <properties size='1'>
        <property name='download.size' value='5767'/>
      </properties>
    </artifact>
    <artifact classifier='osgi.bundle' id='org.apache.batik.css' version='1.7.0.v201011041433'>
      <properties size='1'>
        <property name='download.size' value='356012'/>
      </properties>
    </artifact>
    <artifact classifier='osgi.bundle' id='org.eclipse.e4.ui.services' version='1.2.0.v20150422-0725'>
      <properties size='1'>
        <property name='download.size' value='26519'/>
      </properties>
    </artifact>
    <artifact classifier='osgi.bundle' id='org.jkiss.dbeaver.ext.postgresql' version='2.1.17'>
      <properties size='1'>
        <property name='download.size' value='277374'/>
      </properties>
    </artifact>
    <artifact classifier='osgi.bundle' id='org.eclipse.swt' version='3.104.2.v20160212-1350'>
      <properties size='1'>
        <property name='download.size' value='19590'/>
      </properties>
    </artifact>
    <artifact classifier='osgi.bundle' id='org.jkiss.dbeaver.ext.import_config' version='2.1.7'>
      <properties size='1'>
        <property name='download.size' value='47182'/>
      </properties>
    </artifact>
    <artifact classifier='osgi.bundle' id='javax.xml' version='1.3.4.v201005080400'>
      <properties size='1'>
        <property name='download.size' value='252201'/>
      </properties>
    </artifact>
    <artifact classifier='osgi.bundle' id='org.eclipse.ltk.ui.refactoring' version='3.7.200.v20140625-1835'>
      <properties size='1'>
        <property name='download.size' value='458758'/>
      </properties>
    </artifact>
    <artifact classifier='osgi.bundle' id='org.eclipse.equinox.ds' version='1.4.300.v20150423-1356'>
      <properties size='1'>
        <property name='download.size' value='195728'/>
      </properties>
    </artifact>
    <artifact classifier='osgi.bundle' id='org.eclipse.ui.themes' version='1.1.1.v20151026-1355'>
      <properties size='1'>
        <property name='download.size' value='46635'/>
      </properties>
      <repositoryProperties size='1'>
        <property name='artifact.folder' value='true'/>
      </repositoryProperties>
    </artifact>
    <artifact classifier='osgi.bundle' id='org.apache.commons.jxpath' version='1.3.0.v200911051830'>
      <properties size='1'>
        <property name='download.size' value='315491'/>
      </properties>
    </artifact>
    <artifact classifier='osgi.bundle' id='org.eclipse.equinox.event' version='1.3.100.v20140115-1647'>
      <properties size='1'>
        <property name='download.size' value='32352'/>
      </properties>
    </artifact>
    <artifact classifier='org.eclipse.update.feature' id='org.jkiss.dbeaver.ext.wmi.feature' version='2.0.46'>
      <properties size='1'>
        <property name='download.size' value='960'/>
      </properties>
      <repositoryProperties size='1'>
        <property name='artifact.folder' value='true'/>
      </repositoryProperties>
    </artifact>
    <artifact classifier='osgi.bundle' id='org.eclipse.core.commands' version='3.7.0.v20150422-0725'>
      <properties size='1'>
        <property name='download.size' value='113716'/>
      </properties>
    </artifact>
    <artifact classifier='osgi.bundle' id='org.apache.batik.util.gui' version='1.7.0.v200903091627'>
      <properties size='1'>
        <property name='download.size' value='212351'/>
      </properties>
    </artifact>
    <artifact classifier='osgi.bundle' id='org.eclipse.equinox.preferences' version='3.5.300.v20150408-1437'>
      <properties size='1'>
        <property name='download.size' value='128643'/>
      </properties>
    </artifact>
    <artifact classifier='osgi.bundle' id='org.jkiss.dbeaver.ext.db2' version='2.1.29'>
      <properties size='1'>
        <property name='download.size' value='500660'/>
      </properties>
    </artifact>
    <artifact classifier='osgi.bundle' id='org.jkiss.dbeaver.ext.netezza' version='1.0.9'>
      <properties size='1'>
        <property name='download.size' value='5779'/>
      </properties>
    </artifact>
    <artifact classifier='osgi.bundle' id='org.eclipse.gef' version='3.10.1.201508170204'>
      <properties size='1'>
        <property name='download.size' value='867576'/>
      </properties>
    </artifact>
    <artifact classifier='osgi.bundle' id='net.sf.opencsv' version='2.3.0'>
      <properties size='1'>
        <property name='download.size' value='20308'/>
      </properties>
    </artifact>
    <artifact classifier='osgi.bundle' id='org.jkiss.dbeaver.ext.vertica' version='1.0.37'>
      <properties size='1'>
        <property name='download.size' value='5636'/>
      </properties>
    </artifact>
    <artifact classifier='osgi.bundle' id='org.objectweb.asm' version='5.0.1.v201404251740'>
      <properties size='1'>
        <property name='download.size' value='63419'/>
      </properties>
    </artifact>
    <artifact classifier='osgi.bundle' id='org.jkiss.dbeaver.ext.firebird' version='1.0.45'>
      <properties size='1'>
        <property name='download.size' value='14234'/>
      </properties>
    </artifact>
    <artifact classifier='osgi.bundle' id='org.jkiss.dbeaver.ext.oracle' version='2.1.29'>
      <properties size='1'>
        <property name='download.size' value='445035'/>
      </properties>
    </artifact>
    <artifact classifier='osgi.bundle' id='org.eclipse.ui.intro' version='3.4.300.v20141007-1449'>
      <properties size='1'>
        <property name='download.size' value='309325'/>
      </properties>
    </artifact>
    <artifact classifier='osgi.bundle' id='org.eclipse.emf.ecore' version='2.11.2.v20160208-0816'>
      <properties size='1'>
        <property name='download.size' value='1190187'/>
      </properties>
    </artifact>
    <artifact classifier='osgi.bundle' id='org.eclipse.core.databinding.observable' version='1.5.0.v20150422-0725'>
      <properties size='1'>
        <property name='download.size' value='311734'/>
      </properties>
    </artifact>
    <artifact classifier='osgi.bundle' id='org.eclipse.equinox.launcher' version='1.3.100.v20150511-1540'>
      <properties size='1'>
        <property name='download.size' value='50527'/>
      </properties>
    </artifact>
    <artifact classifier='osgi.bundle' id='org.eclipse.ltk.core.refactoring' version='3.6.201.v20150819-1034'>
      <properties size='1'>
        <property name='download.size' value='331895'/>
      </properties>
    </artifact>
    <artifact classifier='osgi.bundle' id='org.eclipse.e4.ui.workbench' version='1.3.1.v20160203-0951'>
      <properties size='1'>
        <property name='download.size' value='289690'/>
      </properties>
    </artifact>
    <artifact classifier='osgi.bundle' id='org.eclipse.e4.ui.model.workbench' version='1.1.100.v20150407-1430'>
      <properties size='1'>
        <property name='download.size' value='376758'/>
      </properties>
    </artifact>
    <artifact classifier='osgi.bundle' id='org.apache.commons.cli' version='1.3.1'>
      <properties size='1'>
        <property name='download.size' value='52988'/>
      </properties>
    </artifact>
    <artifact classifier='osgi.bundle' id='org.eclipse.core.resources' version='3.10.1.v20150725-1910'>
      <properties size='1'>
        <property name='download.size' value='884203'/>
      </properties>
    </artifact>
    <artifact classifier='osgi.bundle' id='org.eclipse.emf.ecore.xmi' version='2.11.1.v20160208-0816'>
      <properties size='1'>
        <property name='download.size' value='230415'/>
      </properties>
    </artifact>
    <artifact classifier='osgi.bundle' id='org.jkiss.dbeaver.core.application' version='3.7.8'>
      <properties size='1'>
        <property name='download.size' value='417029'/>
      </properties>
    </artifact>
    <artifact classifier='osgi.bundle' id='org.eclipse.equinox.bidi' version='0.10.0.v20130327-1442'>
      <properties size='1'>
        <property name='download.size' value='48549'/>
      </properties>
    </artifact>
    <artifact classifier='osgi.bundle' id='org.eclipse.e4.ui.widgets' version='1.1.0.v20150427-1751'>
      <properties size='1'>
        <property name='download.size' value='14311'/>
      </properties>
    </artifact>
    <artifact classifier='osgi.bundle' id='org.eclipse.equinox.common' version='3.7.0.v20150402-1709'>
      <properties size='1'>
        <property name='download.size' value='111675'/>
      </properties>
    </artifact>
    <artifact classifier='osgi.bundle' id='org.eclipse.equinox.simpleconfigurator' version='1.1.100.v20150423-1455'>
      <properties size='1'>
        <property name='download.size' value='43279'/>
      </properties>
    </artifact>
    <artifact classifier='osgi.bundle' id='org.eclipse.ui' version='3.107.0.v20150507-1945'>
      <properties size='1'>
        <property name='download.size' value='276456'/>
      </properties>
    </artifact>
    <artifact classifier='osgi.bundle' id='org.jkiss.dbeaver.ext.generic' version='2.3.30'>
      <properties size='1'>
        <property name='download.size' value='156802'/>
      </properties>
    </artifact>
    <artifact classifier='osgi.bundle' id='org.eclipse.emf.common' version='2.11.1.v20160208-0816'>
      <properties size='1'>
        <property name='download.size' value='357662'/>
      </properties>
    </artifact>
    <artifact classifier='osgi.bundle' id='org.eclipse.ui.forms' version='3.6.200.v20150506-2029'>
      <properties size='1'>
        <property name='download.size' value='317993'/>
      </properties>
    </artifact>
    <artifact classifier='osgi.bundle' id='org.eclipse.equinox.util' version='1.0.500.v20130404-1337'>
      <properties size='1'>
        <property name='download.size' value='77932'/>
      </properties>
    </artifact>
    <artifact classifier='osgi.bundle' id='org.eclipse.update.configurator' version='3.3.300.v20140518-1928'>
      <properties size='1'>
        <property name='download.size' value='101014'/>
      </properties>
    </artifact>
    <artifact classifier='osgi.bundle' id='org.eclipse.team.ui' version='3.7.200.v20150203-1452'>
      <properties size='1'>
        <property name='download.size' value='1440361'/>
      </properties>
    </artifact>
    <artifact classifier='org.eclipse.update.feature' id='org.jkiss.dbeaver.rcp.feature' version='2.1.18'>
      <properties size='1'>
        <property name='download.size' value='2927'/>
      </properties>
      <repositoryProperties size='1'>
        <property name='artifact.folder' value='true'/>
      </repositoryProperties>
    </artifact>
    <artifact classifier='osgi.bundle' id='org.eclipse.e4.ui.workbench.renderers.swt' version='0.13.0.v20150901-1347'>
      <properties size='1'>
        <property name='download.size' value='351320'/>
      </properties>
    </artifact>
    <artifact classifier='org.eclipse.update.feature' id='org.jkiss.dbeaver.standalone.feature' version='3.7.8'>
      <properties size='1'>
        <property name='download.size' value='1316'/>
      </properties>
      <repositoryProperties size='1'>
        <property name='artifact.folder' value='true'/>
      </repositoryProperties>
    </artifact>
    <artifact classifier='osgi.bundle' id='org.jkiss.dbeaver.ext.wmi' version='2.0.46'>
      <properties size='1'>
        <property name='download.size' value='50397'/>
      </properties>
    </artifact>
    <artifact classifier='osgi.bundle' id='org.eclipse.core.filebuffers' version='3.5.500.v20140723-1040'>
      <properties size='1'>
        <property name='download.size' value='114861'/>
      </properties>
    </artifact>
    <artifact classifier='org.eclipse.update.feature' id='org.jkiss.dbeaver.ce.feature' version='3.7.8'>
      <properties size='1'>
        <property name='download.size' value='6901'/>
      </properties>
      <repositoryProperties size='1'>
        <property name='artifact.folder' value='true'/>
      </repositoryProperties>
    </artifact>
    <artifact classifier='org.eclipse.update.feature' id='org.jkiss.dbeaver.ext.exasol.feature' version='1.0.2'>
      <properties size='1'>
        <property name='download.size' value='6793'/>
      </properties>
      <repositoryProperties size='1'>
        <property name='artifact.folder' value='true'/>
      </repositoryProperties>
    </artifact>
    <artifact classifier='osgi.bundle' id='com.github.jsqlparser' version='0.9.6'>
      <properties size='1'>
        <property name='download.size' value='347102'/>
      </properties>
    </artifact>
    <artifact classifier='osgi.bundle' id='com.jcraft.jsch' version='0.1.53.v201508180515'>
      <properties size='1'>
        <property name='download.size' value='301911'/>
      </properties>
    </artifact>
    <artifact classifier='osgi.bundle' id='org.eclipse.e4.core.di' version='1.5.0.v20150421-2214'>
      <properties size='1'>
        <property name='download.size' value='51686'/>
      </properties>
    </artifact>
    <artifact classifier='osgi.bundle' id='org.eclipse.ui.views' version='3.8.0.v20150422-0725'>
      <properties size='1'>
        <property name='download.size' value='100147'/>
      </properties>
    </artifact>
    <artifact classifier='osgi.bundle' id='org.eclipse.e4.ui.css.swt.theme' version='0.10.0.v20150422-0725'>
      <properties size='1'>
        <property name='download.size' value='26436'/>
      </properties>
    </artifact>
    <artifact classifier='osgi.bundle' id='com.ibm.icu.base' version='54.1.1.v201501272100'>
      <properties size='1'>
        <property name='download.size' value='181438'/>
      </properties>
    </artifact>
    <artifact classifier='osgi.bundle' id='org.eclipse.ui.workbench.texteditor' version='3.9.100.v20141023-1946'>
      <properties size='1'>
        <property name='download.size' value='587218'/>
      </properties>
    </artifact>
    <artifact classifier='osgi.bundle' id='org.eclipse.e4.emf.xpath' version='0.1.100.v20150513-0856'>
      <properties size='1'>
        <property name='download.size' value='49032'/>
      </properties>
    </artifact>
    <artifact classifier='osgi.bundle' id='org.eclipse.osgi' version='3.10.102.v20160118-1700'>
      <properties size='1'>
        <property name='download.size' value='1307562'/>
      </properties>
    </artifact>
    <artifact classifier='osgi.bundle' id='org.jkiss.dbeaver.ext.phoenix' version='1.0.13'>
      <properties size='1'>
        <property name='download.size' value='8707'/>
      </properties>
    </artifact>
    <artifact classifier='osgi.bundle' id='org.jkiss.dbeaver.ext.mysql' version='2.1.29'>
      <properties size='1'>
        <property name='download.size' value='359193'/>
      </properties>
    </artifact>
    <artifact classifier='osgi.bundle' id='org.apache.commons.logging' version='1.1.1.v201101211721'>
      <properties size='1'>
        <property name='download.size' value='73632'/>
      </properties>
    </artifact>
    <artifact classifier='osgi.bundle' id='org.w3c.dom.events' version='3.0.0.draft20060413_v201105210656'>
      <properties size='1'>
        <property name='download.size' value='18205'/>
      </properties>
    </artifact>
    <artifact classifier='osgi.bundle' id='org.eclipse.core.runtime' version='3.11.1.v20150903-1804'>
      <properties size='1'>
        <property name='download.size' value='78923'/>
      </properties>
    </artifact>
    <artifact classifier='osgi.bundle' id='org.eclipse.equinox.p2.metadata' version='2.3.0.v20150511-1532'>
      <properties size='1'>
        <property name='download.size' value='342666'/>
      </properties>
    </artifact>
    <artifact classifier='osgi.bundle' id='org.eclipse.core.contenttype' version='3.5.0.v20150421-2214'>
      <properties size='1'>
        <property name='download.size' value='99189'/>
      </properties>
    </artifact>
    <artifact classifier='osgi.bundle' id='org.eclipse.e4.ui.bindings' version='0.11.0.v20150422-0725'>
      <properties size='1'>
        <property name='download.size' value='49705'/>
      </properties>
    </artifact>
    <artifact classifier='osgi.bundle' id='org.eclipse.help' version='3.6.0.v20130326-1254'>
      <properties size='1'>
        <property name='download.size' value='258927'/>
      </properties>
    </artifact>
    <artifact classifier='osgi.bundle' id='org.eclipse.core.databinding.property' version='1.5.0.v20150422-0725'>
      <properties size='1'>
        <property name='download.size' value='176143'/>
      </properties>
    </artifact>
    <artifact classifier='osgi.bundle' id='org.eclipse.jface.databinding' version='1.7.0.v20150406-2148'>
      <properties size='1'>
        <property name='download.size' value='281453'/>
      </properties>
    </artifact>
    <artifact classifier='org.eclipse.update.feature' id='org.jkiss.dbeaver.ext.mysql.feature' version='2.1.29'>
      <properties size='1'>
        <property name='download.size' value='6801'/>
      </properties>
      <repositoryProperties size='1'>
        <property name='artifact.folder' value='true'/>
      </repositoryProperties>
    </artifact>
    <artifact classifier='osgi.bundle' id='org.eclipse.core.expressions' version='3.5.0.v20150421-2214'>
      <properties size='1'>
        <property name='download.size' value='90250'/>
      </properties>
    </artifact>
    <artifact classifier='osgi.bundle' id='org.jkiss.dbeaver.ext.exasol' version='1.0.2'>
      <properties size='1'>
        <property name='download.size' value='148829'/>
      </properties>
    </artifact>
    <artifact classifier='org.eclipse.update.feature' id='org.jkiss.dbeaver.ext.db2.feature' version='2.1.29'>
      <properties size='1'>
        <property name='download.size' value='19061'/>
      </properties>
      <repositoryProperties size='1'>
        <property name='artifact.folder' value='true'/>
      </repositoryProperties>
    </artifact>
    <artifact classifier='osgi.bundle' id='org.apache.batik.util' version='1.7.0.v201011041433'>
      <properties size='1'>
        <property name='download.size' value='158140'/>
      </properties>
    </artifact>
    <artifact classifier='osgi.bundle' id='org.eclipse.e4.ui.css.swt' version='0.12.0.v20150511-1003'>
      <properties size='1'>
        <property name='download.size' value='220646'/>
      </properties>
    </artifact>
    <artifact classifier='osgi.bundle' id='org.eclipse.e4.core.di.extensions' version='0.13.0.v20150421-2214'>
      <properties size='1'>
        <property name='download.size' value='28475'/>
      </properties>
    </artifact>
    <artifact classifier='osgi.bundle' id='org.eclipse.equinox.registry' version='3.6.0.v20150318-1503'>
      <properties size='1'>
        <property name='download.size' value='182901'/>
      </properties>
    </artifact>
    <artifact classifier='org.eclipse.update.feature' id='org.jkiss.dbeaver.ext.generic.feature' version='2.1.30'>
      <properties size='1'>
        <property name='download.size' value='6980'/>
      </properties>
      <repositoryProperties size='1'>
        <property name='artifact.folder' value='true'/>
      </repositoryProperties>
    </artifact>
    <artifact classifier='osgi.bundle' id='org.jkiss.utils' version='2.1.27'>
      <properties size='1'>
        <property name='download.size' value='75018'/>
      </properties>
    </artifact>
    <artifact classifier='org.eclipse.update.feature' id='org.jkiss.dbeaver.core.feature' version='3.7.8'>
      <properties size='1'>
        <property name='download.size' value='7234'/>
      </properties>
      <repositoryProperties size='1'>
        <property name='artifact.folder' value='true'/>
      </repositoryProperties>
    </artifact>
    <artifact classifier='org.eclipse.update.feature' id='org.jkiss.dbeaver.ext.oracle.feature' version='2.1.29'>
      <properties size='1'>
        <property name='download.size' value='5650'/>
      </properties>
      <repositoryProperties size='1'>
        <property name='artifact.folder' value='true'/>
      </repositoryProperties>
    </artifact>
    <artifact classifier='osgi.bundle' id='org.w3c.dom.smil' version='1.0.1.v200903091627'>
      <properties size='1'>
        <property name='download.size' value='20106'/>
      </properties>
    </artifact>
    <artifact classifier='osgi.bundle' id='org.eclipse.jface' version='3.11.1.v20160128-1644'>
      <properties size='1'>
        <property name='download.size' value='1189869'/>
      </properties>
    </artifact>
    <artifact classifier='osgi.bundle' id='org.eclipse.search' version='3.10.0.v20150318-0856'>
      <properties size='1'>
        <property name='download.size' value='477602'/>
      </properties>
    </artifact>
    <artifact classifier='osgi.bundle' id='org.eclipse.team.core' version='3.7.100.v20150203-1452'>
      <properties size='1'>
        <property name='download.size' value='404817'/>
      </properties>
    </artifact>
    <artifact classifier='osgi.bundle' id='org.eclipse.compare.core' version='3.5.500.v20150505-1058'>
      <properties size='1'>
        <property name='download.size' value='63692'/>
      </properties>
    </artifact>
    <artifact classifier='osgi.bundle' id='org.eclipse.e4.core.di.annotations' version='1.4.0.v20150528-1451'>
      <properties size='1'>
        <property name='download.size' value='10680'/>
      </properties>
    </artifact>
    <artifact classifier='osgi.bundle' id='org.eclipse.osgi.compatibility.state' version='1.0.100.v20150402-1551'>
      <properties size='1'>
        <property name='download.size' value='241527'/>
      </properties>
    </artifact>
    <artifact classifier='osgi.bundle' id='javax.inject' version='1.0.0.v20091030'>
      <properties size='1'>
        <property name='download.size' value='16996'/>
      </properties>
    </artifact>
    <artifact classifier='osgi.bundle' id='org.eclipse.core.runtime.compatibility.registry' version='3.6.0.v20150318-1505'>
      <properties size='1'>
        <property name='download.size' value='17685'/>
      </properties>
      <repositoryProperties size='1'>
        <property name='artifact.folder' value='true'/>
      </repositoryProperties>
    </artifact>
    <artifact classifier='osgi.bundle' id='org.eclipse.core.filesystem.win32.x86' version='1.4.0.v20140124-1940'>
      <properties size='1'>
        <property name='download.size' value='27700'/>
      </properties>
    </artifact>
    <artifact classifier='osgi.bundle' id='org.eclipse.equinox.security' version='1.2.100.v20150423-1356'>
      <properties size='1'>
        <property name='download.size' value='108521'/>
      </properties>
    </artifact>
    <artifact classifier='osgi.bundle' id='org.eclipse.e4.ui.workbench3' version='0.13.0.v20150422-0725'>
      <properties size='1'>
        <property name='download.size' value='9889'/>
      </properties>
    </artifact>
    <artifact classifier='osgi.bundle' id='org.eclipse.ui.navigator' version='3.6.0.v20150422-0725'>
      <properties size='1'>
        <property name='download.size' value='423448'/>
      </properties>
    </artifact>
    <artifact classifier='osgi.bundle' id='org.eclipse.osgi.services' version='3.5.0.v20150519-2006'>
      <properties size='1'>
        <property name='download.size' value='110093'/>
      </properties>
    </artifact>
    <artifact classifier='osgi.bundle' id='org.eclipse.e4.ui.workbench.addons.swt' version='1.2.0.v20150512-1414'>
      <properties size='1'>
        <property name='download.size' value='146328'/>
      </properties>
    </artifact>
    <artifact classifier='osgi.bundle' id='org.eclipse.platform' version='4.5.2.v20160212-1500'>
      <properties size='1'>
        <property name='download.size' value='428430'/>
      </properties>
      <repositoryProperties size='1'>
        <property name='artifact.folder' value='true'/>
      </repositoryProperties>
    </artifact>
    <artifact classifier='osgi.bundle' id='org.eclipse.e4.ui.workbench.swt' version='0.13.0.v20150504-0621'>
      <properties size='1'>
        <property name='download.size' value='181935'/>
      </properties>
    </artifact>
    <artifact classifier='osgi.bundle' id='org.eclipse.equinox.p2.metadata.repository' version='1.2.200.v20150428-1613'>
      <properties size='1'>
        <property name='download.size' value='118253'/>
      </properties>
    </artifact>
    <artifact classifier='osgi.bundle' id='org.eclipse.emf.ecore.change' version='2.11.0.v20160208-0816'>
      <properties size='1'>
        <property name='download.size' value='87095'/>
      </properties>
    </artifact>
    <artifact classifier='osgi.bundle' id='org.eclipse.swt.win32.win32.x86' version='3.104.2.v20160212-1350'>
      <properties size='1'>
        <property name='download.size' value='2746424'/>
      </properties>
    </artifact>
    <artifact classifier='osgi.bundle' id='org.w3c.css.sac' version='1.3.1.v200903091627'>
      <properties size='1'>
        <property name='download.size' value='38584'/>
      </properties>
    </artifact>
    <artifact classifier='osgi.bundle' id='org.apache.commons.jexl' version='2.1.1'>
      <properties size='1'>
        <property name='download.size' value='267634'/>
      </properties>
    </artifact>
    <artifact classifier='osgi.bundle' id='org.eclipse.core.filesystem' version='1.5.0.v20150725-1910'>
      <properties size='1'>
        <property name='download.size' value='61505'/>
      </properties>
    </artifact>
    <artifact classifier='osgi.bundle' id='org.eclipse.equinox.launcher.win32.win32.x86' version='1.1.300.v20150602-1417'>
      <properties size='1'>
        <property name='download.size' value='27126'/>
      </properties>
      <repositoryProperties size='1'>
        <property name='artifact.folder' value='true'/>
      </repositoryProperties>
    </artifact>
    <artifact classifier='osgi.bundle' id='org.eclipse.ui.workbench' version='3.107.1.v20160120-2131'>
      <properties size='1'>
        <property name='download.size' value='4083867'/>
      </properties>
    </artifact>
    <artifact classifier='osgi.bundle' id='org.jkiss.dbeaver.ext.informix' version='1.0.35'>
      <properties size='1'>
        <property name='download.size' value='9143'/>
      </properties>
    </artifact>
    <artifact classifier='osgi.bundle' id='org.eclipse.ui.editors' version='3.9.0.v20150213-1939'>
      <properties size='1'>
        <property name='download.size' value='578283'/>
      </properties>
    </artifact>
    <artifact classifier='osgi.bundle' id='org.eclipse.compare' version='3.5.600.v20150420-1449'>
      <properties size='1'>
        <property name='download.size' value='769552'/>
      </properties>
    </artifact>
    <artifact classifier='osgi.bundle' id='org.eclipse.e4.core.contexts' version='1.4.0.v20150828-0818'>
      <properties size='1'>
        <property name='download.size' value='50351'/>
      </properties>
    </artifact>
  </artifacts>
</repository>
