<?xml version="1.0" encoding="UTF-8" standalone="yes"?>
<Train>
    <cityName>sz</cityName>
    <lineName>45</lineName>
    <trainNo>122</trainNo>
    <servers>
        <server>
            <ip type="Type1">10.40.101.105</ip>
            <ip type="Type2">10.40.101.105</ip>
            <gateWay>10.22.22.22</gateWay>
        </server>
        <server>
            <ip type="Type1">10.0.1.22</ip>
            <ip type="Type2">10.0.1.22</ip>
            <gateWay>10.23.45.11</gateWay>
        </server>
    </servers>
    <carInfo>
        <carNum>12</carNum>
        <gateNum>12</gateNum>
    </carInfo>
    <cars>
        <car index="-1" type="0" name="end">
            <doors>
                <door addr="1"/>
                <door addr="2"/>
            </doors>
        </car>
        <car index="0" type="0" name="end">
            <doors>
                <door addr="1"/>
                <door addr="2"/>
            </doors>
        </car>
        <car index="1" type="1" name="1">
            <mdcu ip="10.40.101.105"/>
            <mdcu ip="10.0.1.115"/>
            <doors>
                <door addr="1"/>
                <door addr="2"/>
                <door addr="3"/>
                <door addr="4"/>
                <door addr="5"/>
                <door addr="6"/>
                <door addr="7"/>
                <door addr="8"/>
                <door addr="9"/>
                <door addr="10"/>
                <door addr="11"/>
                <door addr="12"/>
            </doors>
        </car>
        <car index="2" type="1" name="2">
            <mdcu ip="10.0.1.114"/>
            <mdcu ip="10.0.1.13"/>
            <doors>
                <door addr="1"/>
                <door addr="2"/>
                <door addr="3"/>
                <door addr="4"/>
                <door addr="5"/>
                <door addr="6"/>
                <door addr="7"/>
                <door addr="8"/>
                <door addr="9"/>
                <door addr="10"/>
                <door addr="11"/>
                <door addr="12"/>
            </doors>
        </car>
        <car index="3" type="1" name="3">
            <mdcu ip="10.0.1.11"/>
            <mdcu ip="10.0.1.15"/>
            <doors>
                <door addr="1"/>
                <door addr="2"/>
                <door addr="3"/>
                <door addr="4"/>
                <door addr="5"/>
                <door addr="6"/>
                <door addr="7"/>
                <door addr="8"/>
                <door addr="9"/>
                <door addr="10"/>
                <door addr="11"/>
                <door addr="12"/>
            </doors>
        </car>
        <car index="4" type="1" name="4">
            <mdcu ip="10.0.1.11"/>
            <mdcu ip="10.0.1.15"/>
            <doors>
                <door addr="1"/>
                <door addr="2"/>
                <door addr="3"/>
                <door addr="4"/>
                <door addr="5"/>
                <door addr="6"/>
                <door addr="7"/>
                <door addr="8"/>
                <door addr="9"/>
                <door addr="10"/>
                <door addr="11"/>
                <door addr="12"/>
            </doors>
        </car>
        <car index="5" type="1" name="5">
            <mdcu ip="10.0.1.11"/>
            <mdcu ip="10.0.1.15"/>
            <doors>
                <door addr="1"/>
                <door addr="2"/>
                <door addr="3"/>
                <door addr="4"/>
                <door addr="5"/>
                <door addr="6"/>
                <door addr="7"/>
                <door addr="8"/>
                <door addr="9"/>
                <door addr="10"/>
                <door addr="11"/>
                <door addr="12"/>
            </doors>
        </car>
        <car index="6" type="1" name="6">
            <mdcu ip="10.0.1.11"/>
            <mdcu ip="10.0.1.15"/>
            <doors>
                <door addr="1"/>
                <door addr="2"/>
                <door addr="3"/>
                <door addr="4"/>
                <door addr="5"/>
                <door addr="6"/>
                <door addr="7"/>
                <door addr="8"/>
                <door addr="9"/>
                <door addr="10"/>
                <door addr="11"/>
                <door addr="12"/>
            </doors>
        </car>
        <car index="7" type="1" name="7">
            <mdcu ip="10.0.1.11"/>
            <mdcu ip="10.0.1.15"/>
            <doors>
                <door addr="1"/>
                <door addr="2"/>
                <door addr="3"/>
                <door addr="4"/>
                <door addr="5"/>
                <door addr="6"/>
                <door addr="7"/>
                <door addr="8"/>
                <door addr="9"/>
                <door addr="10"/>
                <door addr="11"/>
                <door addr="12"/>
            </doors>
        </car>
        <car index="8" type="1" name="8">
            <mdcu ip="10.0.1.11"/>
            <mdcu ip="10.0.1.15"/>
            <doors>
                <door addr="1"/>
                <door addr="2"/>
                <door addr="3"/>
                <door addr="4"/>
                <door addr="5"/>
                <door addr="6"/>
                <door addr="7"/>
                <door addr="8"/>
                <door addr="9"/>
                <door addr="10"/>
                <door addr="11"/>
                <door addr="12"/>
            </doors>
        </car>
        <car index="9" type="1" name="9">
            <mdcu ip="10.0.1.11"/>
            <mdcu ip="10.0.1.15"/>
            <doors>
                <door addr="1"/>
                <door addr="2"/>
                <door addr="3"/>
                <door addr="4"/>
                <door addr="5"/>
                <door addr="6"/>
                <door addr="7"/>
                <door addr="8"/>
                <door addr="9"/>
                <door addr="10"/>
                <door addr="11"/>
                <door addr="12"/>
            </doors>
        </car>
        <car index="10" type="1" name="10">
            <mdcu ip="10.0.1.11"/>
            <mdcu ip="10.0.1.15"/>
            <doors>
                <door addr="1"/>
                <door addr="2"/>
                <door addr="3"/>
                <door addr="4"/>
                <door addr="5"/>
                <door addr="6"/>
                <door addr="7"/>
                <door addr="8"/>
                <door addr="9"/>
                <door addr="10"/>
                <door addr="11"/>
                <door addr="12"/>
            </doors>
        </car>
        <car index="11" type="1" name="11">
            <mdcu ip="10.0.1.11"/>
            <mdcu ip="10.0.1.15"/>
            <doors>
                <door addr="1"/>
                <door addr="2"/>
                <door addr="3"/>
                <door addr="4"/>
                <door addr="5"/>
                <door addr="6"/>
                <door addr="7"/>
                <door addr="8"/>
                <door addr="9"/>
                <door addr="10"/>
                <door addr="11"/>
                <door addr="12"/>
            </doors>
        </car>
        <car index="12" type="1" name="12">
            <mdcu ip="10.0.1.11"/>
            <mdcu ip="10.0.1.15"/>
            <doors>
                <door addr="1"/>
                <door addr="2"/>
                <door addr="3"/>
                <door addr="4"/>
                <door addr="5"/>
                <door addr="6"/>
                <door addr="7"/>
                <door addr="8"/>
                <door addr="9"/>
                <door addr="10"/>
                <door addr="11"/>
                <door addr="12"/>
            </doors>
        </car>
    </cars>
</Train>
