<?xml version="1.0" encoding="UTF-8"?>
<feature
        id="org.jkiss.dbeaver.core.feature"
        label="%featureName"
        version="3.7.8"
        provider-name="%providerName"
        plugin="org.jkiss.dbeaver.core">

    <description>
        %description
    </description>

    <copyright>
        %copyright
    </copyright>

    <license url="%licenseURL">
        %license
    </license>

    <requires>
        <import plugin="org.eclipse.core.runtime"/>
        <import plugin="org.eclipse.core.resources"/>
        <import plugin="org.eclipse.core.expressions"/>
        <import plugin="org.eclipse.ui"/>
        <import plugin="org.eclipse.ui.workbench"/>
        <import plugin="org.eclipse.ui.workbench.texteditor"/>
        <import plugin="org.eclipse.swt"/>
        <import plugin="org.eclipse.jface"/>
        <import plugin="org.eclipse.jface.text"/>
        <import plugin="org.eclipse.ui.views"/>
        <import plugin="org.eclipse.search"/>
        <import plugin="org.eclipse.draw2d"/>
        <import plugin="org.eclipse.gef"/>
    </requires>

    <!-- 3rd party -->
    <plugin id="com.github.jsqlparser" download-size="338" install-size="804" version="0.9.6" unpack="false"/>
    <plugin id="org.apache.commons.jexl" download-size="261" install-size="564" version="2.1.1" unpack="false"/>
    <plugin id="net.sf.opencsv" download-size="19" install-size="37" version="2.3.0" unpack="false"/>

    <!-- DBeaver -->
    <plugin id="org.jkiss.dbeaver.model" download-size="951" install-size="1988" version="1.0.33" unpack="false"/>
    <plugin id="org.jkiss.dbeaver.core" download-size="3430" install-size="7256" version="3.7.8" unpack="false"/>
    <plugin id="org.jkiss.dbeaver.ext.erd" download-size="241" install-size="492" version="2.0.46" unpack="false"/>
    <plugin id="org.jkiss.dbeaver.ext.import_config" download-size="46" install-size="80" version="2.1.7" unpack="false"/>
    <plugin id="org.jkiss.utils" download-size="73" install-size="141" version="2.1.27" unpack="false"/>

</feature>
