<?xml version="1.0" encoding="UTF-8" ?>
<!DOCTYPE mapper PUBLIC "-//mybatis.org//DTD Mapper 3.0//EN"
  "http://mybatis.org/dtd/mybatis-3-mapper.dtd">
<mapper namespace="com.hirain.phm.bode.server.store.dao.StoreMapper">
<resultMap type="com.hirain.phm.bode.server.store.MessageRecord" id="BaseMap">
	<id column="id" jdbcType="BIGINT" property="id"/>
	<id column="start_time" jdbcType="TIMESTAMP" property="startTime"/>
	<result column="door_id" jdbcType="INTEGER" property="doorId" />
    <result column="end_time" jdbcType="TIMESTAMP" property="endTime" />
    <result column="debug" jdbcType="BIT" property="debug" />
</resultMap>
<insert id="insert" parameterType="com.hirain.phm.bode.server.store.MessageRecord">
	<selectKey resultType="java.lang.Long" order="AFTER" keyProperty="id">
          SELECT LAST_INSERT_ID()
      </selectKey>
	insert into t_carriage${carriageId}_record(start_time,end_time,door_id,debug)
	values (
		#{startTime,jdbcType=TIMESTAMP},
		#{endTime,jdbcType=TIMESTAMP},
		#{doorId,jdbcType=INTEGER},
		#{debug,jdbcType=BIT}
	)
</insert>

<update id="updateEndtime">
	update t_carriage${carriageId}_record
	set end_time=#{endTime,jdbcType=TIMESTAMP}
	where end_time is null
</update>

<!-- <update id="updateEndtime" parameterType="java.util.Map">
	update t_carriage${carriageId}_record
	set end_time=#{endTime,jdbcType=TIMESTAMP}
	where id in
	<foreach collection="list" index="index" item="item" open="(" separator="," close=")">
		item.id,
	</foreach>
</update> -->

<insert id="insertMessage" parameterType="java.util.List">
	insert into t_carriage${carriageId}_message(timestamp,door_id,datas)
	values
	<foreach collection="list" item="item" index="index" separator=",">
	(
		#{item.timestamp,jdbcType=TIMESTAMP},
		#{item.doorId,jdbcType=INTEGER},
		#{item.datas,jdbcType=LONGVARBINARY}
	)
    </foreach>
</insert>

<resultMap type="com.hirain.phm.bode.server.message.DoorMessage" id="DoorMessage">
<id column="id" jdbcType="BIGINT" property="id"/>
<id column="timestamp" jdbcType="TIMESTAMP" property="timestamp"/>
<result column="door_id" jdbcType="INTEGER" property="doorId"/>
<result column="datas" jdbcType="BLOB" property="datas"/>
</resultMap>
<select id="findMessage" resultMap="DoorMessage">
    select door_id,timestamp,datas
	from t_carriage${record.carriageId}_message
	where 
	door_id=#{record.doorId} 
    and 
	timestamp&gt;=#{record.startTime,jdbcType=TIMESTAMP} 
<if test = 'record.endTime != null'>
	and 
	timestamp&lt;#{record.endTime,jdbcType=TIMESTAMP}
</if>
	order by id asc
</select>

<select id="findLastRecordInsertTime" resultType="java.util.Date">
    select start_time
	from t_carriage${carriageId}_record
	where end_time is null
	order by start_time
	limit 0,1
</select>

</mapper>

