<?xml version="1.0" encoding="UTF-8"?>
<!DOCTYPE mapper PUBLIC "-//mybatis.org//DTD Mapper 3.0//EN" "http://mybatis.org/dtd/mybatis-3-mapper.dtd">
<mapper namespace="com.hirain.qsy.shaft.dao.MenuMapper">
  <resultMap id="menu" type="com.hirain.qsy.shaft.model.Menu">
    <!--
      WARNING - @mbg.generated
    -->
    <id column="MENU_ID" jdbcType="DECIMAL" property="id" />
    <result column="PARENT_ID" jdbcType="DECIMAL" property="parentId" />
    <result column="MENU_NAME" jdbcType="VARCHAR" property="name" />
    <result column="URL" jdbcType="VARCHAR" property="url" />
    <result column="PERMS" jdbcType="VARCHAR" property="perms" />
    <result column="ICON" jdbcType="VARCHAR" property="icon" />
    <result column="TYPE" jdbcType="CHAR" property="type" />
    <result column="ORDER_NUM" jdbcType="DECIMAL" property="orderNum" />
    <result column="CREATE_TIME" jdbcType="TIMESTAMP" property="createTime" />
    <result column="MODIFY_TIME" jdbcType="TIMESTAMP" property="modifyTime" />
  </resultMap>
  
  <select id="findUserPermissions" resultMap="menu">
  	select m.perms from t_role r
        left join t_user_role ur on(r.role_id = ur.role_id) 
        left join t_user u on(u.user_id = ur.user_id)
        left join t_role_menu rm on(rm.role_id = r.role_id) 
        left join t_menu m on(m.menu_id = rm.menu_id ) 
        where u.username = #{userName} and m.perms is not null and m.perms &lt;&gt; ''
  </select>
  <select id="findMenuListByRoleId" resultMap="menu">
  	select m.* from t_menu m
        left join t_role_menu rm on(rm.menu_id = m.menu_id) 
        where rm.role_id=#{id}
  </select>
  
  <select id="findUserMenus" resultMap="menu">
  	select m.* from t_menu m
    where  m.MENU_ID in 
        (select distinct rm.menu_id from t_role_menu rm 
		left join t_role r on(rm.role_id = r.role_id)
        left join t_user_role ur on(ur.role_id = r.role_id)
        left join t_user u on (u.user_id = ur.user_id)
        where u.user_id = #{userId}) and m.type=0 order by m.create_time
  </select>
  
  <select id="findAllMenus" resultMap="menu">
  	select m.* from t_menu m order by m.create_time
  </select>
  
   <update id="changeToTop" parameterType="java.util.List">
  	update t_menu set parent_id = 0 where menu_id in ( select a.menu_id from (
  	(select menu_id from t_menu where parent_id in 
  	<foreach collection="list" item="menuId" index="index" open="(" close=")" separator=",">
  		#{menuId}
  	</foreach>
  	) ) a )
  </update>
</mapper>