<?xml version="1.0" encoding="UTF-8"?>
<!DOCTYPE mapper PUBLIC "-//mybatis.org//DTD Mapper 3.0//EN" "http://mybatis.org/dtd/mybatis-3-mapper.dtd">
<mapper namespace="com.hirain.qsy.shaft.dao.RoleMenuMapper">
  <resultMap id="BaseResultMap" type="com.hirain.qsy.shaft.model.RoleMenu">
    <!--
      WARNING - @mbg.generated
    -->
    <result column="ROLE_ID" jdbcType="DECIMAL" property="roleId" />
    <result column="MENU_ID" jdbcType="DECIMAL" property="menuId" />
  </resultMap>
  	<!-- 為角色分配菜單權限 -->
	<insert id="bandRoleAndMenu" parameterType="java.util.HashMap">
		insert into t_role_menu
		values 
			<foreach item="item" index="index" collection="menuIds" open="("
				separator="),(" close=")">
				#{roleId},
				#{item}
			</foreach>
	</insert>
</mapper>