<?xml version="1.0" encoding="UTF-8"?>
<!DOCTYPE mapper PUBLIC "-//mybatis.org//DTD Mapper 3.0//EN" "http://mybatis.org/dtd/mybatis-3-mapper.dtd">
<mapper namespace="com.hirain.phm.bode.server.log.LogRecordMapper">
  <resultMap id="BaseResultMap" type="com.hirain.phm.bode.server.log.LogRecord">
    <id column="day" jdbcType="VARCHAR" property="day" />
    <result column="filepath" jdbcType="VARCHAR" property="filepath" />
  </resultMap>
  <sql id="Base_Column_List">
    day, filepath
  </sql>
  <select id="selectByPrimaryKey" parameterType="java.lang.String" resultMap="BaseResultMap">
    select 
    <include refid="Base_Column_List" />
    from t_log
    where day = #{day,jdbcType=VARCHAR}
  </select>
  <select id="select" resultMap="BaseResultMap">
  	${querySql}
  </select>
  <delete id="deleteByPrimaryKey" parameterType="java.lang.String">
    delete from t_log
    where day = #{day,jdbcType=VARCHAR}
  </delete>
  <insert id="insert" parameterType="com.hirain.phm.bode.server.log.LogRecord">
    insert into t_log (day, filepath)
    values (#{day,jdbcType=VARCHAR}, #{filepath,jdbcType=VARCHAR})
  </insert>
  <insert id="insertSelective" parameterType="com.hirain.phm.bode.server.log.LogRecord">
    insert into t_log
    <trim prefix="(" suffix=")" suffixOverrides=",">
      <if test="day != null">
        day,
      </if>
      <if test="filepath != null">
        filepath,
      </if>
    </trim>
    <trim prefix="values (" suffix=")" suffixOverrides=",">
      <if test="day != null">
        #{day,jdbcType=VARCHAR},
      </if>
      <if test="filepath != null">
        #{filepath,jdbcType=VARCHAR},
      </if>
    </trim>
  </insert>
  <update id="updateByPrimaryKeySelective" parameterType="com.hirain.phm.bode.server.log.LogRecord">
    update t_log
    <set>
      <if test="filepath != null">
        filepath = #{filepath,jdbcType=VARCHAR},
      </if>
    </set>
    where day = #{day,jdbcType=VARCHAR}
  </update>
  <update id="updateByPrimaryKey" parameterType="com.hirain.phm.bode.server.log.LogRecord">
    update t_log
    set filepath = #{filepath,jdbcType=VARCHAR}
    where day = #{day,jdbcType=VARCHAR}
  </update>
</mapper>