<?xml version="1.0" encoding="UTF-8" ?>
<!DOCTYPE configuration PUBLIC "-//mybatis.org//DTD Config 3.0//EN" "http://mybatis.org/dtd/mybatis-3-config.dtd">
<configuration>
	<properties resource="db.properties" />
	<settings>
        <setting name="logImpl" value="LOG4J" />
    </settings>
	<typeAliases>
		<typeAlias type="com.hirain.phm.bode.server.rbac.impl.UserImpl"></typeAlias>
	</typeAliases>
	<environments default="development">
		<environment id="development">
			<transactionManager type="JDBC" />
			<dataSource type="POOLED">
				<property name="driver" value="${jdbc.driverClassName}" />
				<property name="url" value="${jdbc.url}" />
				<property name="username" value="${jdbc.username}" />
				<property name="password" value="${jdbc.password}" />
				<property name="poolMaximumIdleConnections" value="0"/>
				<property name="poolMaximumActiveConnections" value="50"/>
			</dataSource>
		</environment>
	</environments>
	<mappers>
		<mapper resource="com/hirain/phm/bode/server/rbac/dao/UserMapper.xml" />
		<mapper resource="com/hirain/phm/bode/server/db/dao/ManageMapper.xml" />
		<mapper resource="com/hirain/phm/bode/server/store/dao/StoreMapper.xml" />
		<mapper resource="com/hirain/phm/bode/server/fault/dao/FaultMapper.xml" />
		<mapper resource="com/hirain/phm/bode/server/client/data/ClientMapper.xml" />
		<mapper resource="com/hirain/phm/bode/server/log/LogRecordMapper.xml" />
	</mappers>
</configuration>
