<?xml version="1.0" encoding="UTF-8" ?>
<!DOCTYPE mapper PUBLIC "-//mybatis.org//DTD Mapper 3.0//EN"
  "http://mybatis.org/dtd/mybatis-3-mapper.dtd">
  
<mapper namespace="com.hirain.phm.bode.server.db.dao.ManageMapper">
<select id="existRecordTable" parameterType="Integer" resultType="Integer">
	select count(*)
	from information_schema.TABLES
	where table_name='t_carriage${carriageId}_record'
</select>

<select id="existMessageTable" parameterType="Integer" resultType="Integer">
	select count(*)
	from information_schema.TABLES
	where table_name='t_carriage${carriageId}_message'
</select>

<!-- Record Table -->
<update id="createRecordTable" parameterType="java.util.Map">
	create table `t_carriage${carriageId}_record`(
		id bigint not null auto_increment,
		door_id int not null,
		start_time datetime not null,
		end_time datetime,
		debug boolean default false,
		primary key(id,start_time)
	)ENGINE=InnoDB default charset=utf8
	 PARTITION by range(year(start_time))
		<foreach collection="list" index="index" item="year" open="(" separator="," close=")">
			partition p${year} values less than(#{year}+1)
		</foreach> 
</update>

<update id="addPartitionsToRecord" parameterType="java.util.Map">
	alter table t_carriage${carriageId}_record add partition
	<foreach collection="list" index="index" item="year" open="(" separator="," close=")">
		partition p${year} values less than(#{year}+1)
	</foreach>
</update>

<update id="dropPartitionFromRecord">
	alter table ${tableName} drop partition p${year}
</update>

<select id="lastPartition" resultType="java.lang.String">
select
partition_name part
from information_schema.partitions
where table_schema=schema()
and table_name='${tableName}'
order by partition_ordinal_position desc
limit 0,1
</select>

<delete id="deleteRecords">
	delete from ${tableName}
	where to_days(start_time)=to_days(#{day})
</delete>

<delete id="deleteRecordsBeforeDay">
	delete from ${tableName}
	where to_days(start_time)&lt;=to_days(#{day})
</delete>

<!-- Message Table -->
<update id="createMessageTable" parameterType="java.util.Map">
	create table `t_carriage${carriageId}_message`(
		id bigint not null auto_increment,
		door_id int not null,
		timestamp datetime(6) not null,
		datas blob not null,
		primary key(id,timestamp)
	)ENGINE=InnoDB default charset=utf8
	partition by range(to_days(timestamp))
	<foreach collection="list" index="index" item="time" open="(" separator="," close=")">
		partition p${time} values less than(to_days(#{time})+1)
	</foreach>
</update>

<update id="addPartitionsToMessage" parameterType="java.util.Map">
	alter table t_carriage${carriageId}_message add partition
	<foreach collection="list" index="index" item="time" open="(" separator="," close=")">
		partition p${time} values less than(to_days(#{time})+1)
	</foreach>
</update>

<update id="dropPartitionFromMessage">
	alter table ${tableName} drop partition p${day}
</update>

<delete id="deleteMessagesBeforeDay">
	delete from ${tableName}
	where to_days(timestamp) &lt;= to_days('${day}')
</delete>

<!-- Fault Table -->
<update id="addPartitionsToFaultRecord" parameterType="java.util.List">
	alter table t_fault_record add partition
	<foreach collection="list" index="index" item="item" open="(" separator="," close=")">
		partition p${item} values less than(#{item})
	</foreach>
</update>

<delete id="deleteFaultRecordsBeforeDay">
	delete from t_fault_record
	where to_days(start_time)&lt;=to_days(#{day})
</delete>

<update id="addPartitionsToFaultMessage" parameterType="java.util.List">
 	alter table t_fault_message add partition
 	<foreach collection="list" index="index" item="item" open="(" separator="," close=")">
 		partition p${item} values less than(to_days(#{item}))
 	</foreach>
</update>

<update id="dropPartitionFromFaultMessge">
 	alter table t_fault_message drop partition p${day}
</update>

<delete id="deleteFaultMessagesBeforeDay">
	delete from t_fault_message
	where to_days(timestamp)&lt;=to_days(#{day})
</delete>

<update id="createPartitions" parameterType="java.util.List">
	alter table t_fault_message
	partition by range(to_days(timestamp))
	<foreach collection="list" index="index" item="item" open="(" separator="," close=")">
 		partition p${item} values less than(to_days(#{item}))
 	</foreach>
</update>

<select id="countFaultRecord" resultType="java.lang.Long">
	select id
	from t_fault_record
	order by id desc
	limit 0,1
</select>

<!--  -->
<select id="selectSpace" resultType="java.lang.Double">
	select round(sum((DATA_LENGTH+INDEX_LENGTH)/1024/1024),2) 
	from information_schema.tables 
	where table_schema='phm_bd' 
</select>

<select id="selectFaultSpace" resultType="java.lang.Double">
select round(sum((DATA_LENGTH+INDEX_LENGTH)/1024/1024),2) 
	from information_schema.tables 
	where table_schema='phm_bd' and (table_name='t_fault_record' or table_name='t_fault_message')
</select>

<select id="selectTables" resultType="java.lang.String">
	select TABLE_NAME from information_schema.tables
	where table_schema='phm_bd'
	and TABLE_NAME like concat('t_carriage','%','_','${suffix}')
</select>

<select id="countPartitions" resultType="java.lang.Long">
select
count(partition_name)
from information_schema.partitions
where table_schema=schema()
and table_name='${tableName}'
</select>

<select id="firstPartition" resultType="java.lang.String">
select
partition_name part
from information_schema.partitions
where table_schema=schema()
and table_name='${tableName}'
order by partition_ordinal_position
limit 0,1
</select>

<select id="existTable" resultType="Integer">
	select count(*)
	from information_schema.TABLES
	where table_name='${tableName}'
</select>

<select id="faultStartTime" resultType="java.util.Date">
select timestamp from t_fault_record
limit 0,1
</select>

<select id="faultUpdateTime" resultType="java.util.Date">
select timestamp from t_fault_record
order by timestamp desc
limit 0,1
</select>

<delete id="deleteAll">
delete from ${tableName}
</delete>

</mapper>
